{"cameraMode":{"drawMode":0,"name":"Shaded","section":"Shading Mode"},"sceneLighting":false,"audioPlay":false,"sceneViewState":{"m_AlwaysRefresh":false,"showFog":true,"showSkybox":false,"showFlares":true,"showImageEffects":true,"showParticleSystems":true,"showVisualEffectGraphs":true,"m_FxEnabled":true},"in2DMode":false,"pivot":{"x":0.4099998474121094,"y":4.739999771118164,"z":7.3899993896484379},"rotation":{"x":0.29077577590942385,"y":0.09024286270141602,"z":-0.02756531350314617,"w":0.9521381855010986},"size":12.12435531616211,"orthographic":true}