{"cameraMode":{"drawMode":0,"name":"Shaded","section":"Shading Mode"},"sceneLighting":false,"audioPlay":false,"sceneViewState":{"m_AlwaysRefresh":false,"showFog":true,"showSkybox":false,"showFlares":true,"showImageEffects":true,"showParticleSystems":true,"showVisualEffectGraphs":true,"m_FxEnabled":true},"in2DMode":false,"pivot":{"x":-3.450000047683716,"y":1.9500000476837159,"z":13.699999809265137},"rotation":{"x":0.23022225499153138,"y":0.039399608969688418,"z":-0.009329431690275669,"w":0.9722975492477417},"size":14.39600658416748,"orthographic":true}