{"cameraMode":{"drawMode":0,"name":"Shaded","section":"Shading Mode"},"sceneLighting":false,"audioPlay":false,"sceneViewState":{"m_AlwaysRefresh":false,"showFog":true,"showSkybox":false,"showFlares":true,"showImageEffects":true,"showParticleSystems":true,"showVisualEffectGraphs":true,"m_FxEnabled":true},"in2DMode":false,"pivot":{"x":0.7087491750717163,"y":-2.3267223834991457,"z":11.2384614944458},"rotation":{"x":0.23022225499153138,"y":0.039399608969688418,"z":-0.009329431690275669,"w":0.9722975492477417},"size":8.935518264770508,"orthographic":false}