{"cameraMode":{"drawMode":0,"name":"Shaded","section":"Shading Mode"},"sceneLighting":true,"audioPlay":false,"sceneViewState":{"m_AlwaysRefresh":false,"showFog":true,"showSkybox":false,"showFlares":true,"showImageEffects":true,"showParticleSystems":true,"showVisualEffectGraphs":true,"m_FxEnabled":true},"in2DMode":false,"pivot":{"x":-0.235147163271904,"y":3.5494027137756349,"z":-0.18626856803894044},"rotation":{"x":0.20492492616176606,"y":-0.010276934131979943,"z":0.002151498105376959,"w":0.9787225723266602},"size":2.1970598697662355,"orthographic":false}