{"cameraMode":{"drawMode":0,"name":"Shaded","section":"Shading Mode"},"sceneLighting":false,"audioPlay":false,"sceneViewState":{"m_AlwaysRefresh":false,"showFog":true,"showSkybox":false,"showFlares":true,"showImageEffects":true,"showParticleSystems":true,"showVisualEffectGraphs":true,"m_FxEnabled":true},"in2DMode":false,"pivot":{"x":-7.000000953674316,"y":0.3749998211860657,"z":4.964509963989258},"rotation":{"x":0.38033366203308108,"y":0.05544077977538109,"z":-0.02284744568169117,"w":0.9229040145874023},"size":3.1836230754852297,"orthographic":true}