{"cameraMode":{"drawMode":0,"name":"Shaded","section":"Shading Mode"},"sceneLighting":true,"audioPlay":false,"sceneViewState":{"m_AlwaysRefresh":false,"showFog":true,"showSkybox":true,"showFlares":true,"showImageEffects":true,"showParticleSystems":true,"showVisualEffectGraphs":true,"m_FxEnabled":true},"in2DMode":false,"pivot":{"x":8.500246047973633,"y":-9.862325668334961,"z":15.939468383789063},"rotation":{"x":0.23738797008991242,"y":0.21638961136341096,"z":-0.05433284491300583,"w":0.9454485774040222},"size":21.174610137939454,"orthographic":false}