{"cameraMode":{"drawMode":0,"name":"Shaded","section":"Shading Mode"},"sceneLighting":true,"audioPlay":false,"sceneViewState":{"m_AlwaysRefresh":false,"showFog":true,"showSkybox":true,"showFlares":true,"showImageEffects":true,"showParticleSystems":true,"showVisualEffectGraphs":true,"m_FxEnabled":true},"in2DMode":false,"pivot":{"x":-9.198119163513184,"y":3.6345081329345705,"z":-13.360452651977539},"rotation":{"x":0.16356199979782105,"y":-0.09041362255811691,"z":0.015055209398269654,"w":0.9822723269462586},"size":9.154095649719239,"orthographic":true}