{"cameraMode":{"drawMode":0,"name":"Shaded","section":"Shading Mode"},"sceneLighting":true,"audioPlay":false,"sceneViewState":{"m_AlwaysRefresh":false,"showFog":true,"showSkybox":true,"showFlares":true,"showImageEffects":true,"showParticleSystems":true,"showVisualEffectGraphs":true,"m_FxEnabled":true},"in2DMode":false,"pivot":{"x":-11.963582992553711,"y":-3.7321741580963136,"z":16.545631408691408},"rotation":{"x":0.172904372215271,"y":0.13691246509552003,"z":-0.02427801489830017,"w":0.9750752449035645},"size":13.967188835144043,"orthographic":true}