{"cameraMode":{"drawMode":0,"name":"Shaded","section":"Shading Mode"},"sceneLighting":true,"audioPlay":false,"sceneViewState":{"m_AlwaysRefresh":false,"showFog":true,"showSkybox":true,"showFlares":true,"showImageEffects":true,"showParticleSystems":true,"showVisualEffectGraphs":true,"m_FxEnabled":true},"in2DMode":false,"pivot":{"x":-7.690513610839844,"y":18.635784149169923,"z":-0.4623451232910156},"rotation":{"x":0.02774817682802677,"y":0.10178317129611969,"z":-0.0028459103778004648,"w":0.994426965713501},"size":91.20708465576172,"orthographic":true}