{"cameraMode":{"drawMode":0,"name":"Shaded","section":"Shading Mode"},"sceneLighting":true,"audioPlay":false,"sceneViewState":{"m_AlwaysRefresh":false,"showFog":true,"showSkybox":true,"showFlares":true,"showImageEffects":true,"showParticleSystems":true,"showVisualEffectGraphs":true,"m_FxEnabled":true},"in2DMode":false,"pivot":{"x":-5.835727691650391,"y":-2.9285941123962404,"z":-0.9691028594970703},"rotation":{"x":0.38033366203308108,"y":0.05544077977538109,"z":-0.02284744568169117,"w":0.9229040145874023},"size":20.753223419189454,"orthographic":true}