{"cameraMode":{"drawMode":0,"name":"Shaded","section":"Shading Mode"},"sceneLighting":true,"audioPlay":false,"sceneViewState":{"m_AlwaysRefresh":false,"showFog":true,"showSkybox":true,"showFlares":true,"showImageEffects":true,"showParticleSystems":true,"showVisualEffectGraphs":true,"m_FxEnabled":true},"in2DMode":false,"pivot":{"x":-28.223262786865236,"y":1.260335922241211,"z":5.716225624084473},"rotation":{"x":0.14985118806362153,"y":0.07851377129554749,"z":-0.011938338167965413,"w":0.9855141043663025},"size":17.158416748046876,"orthographic":true}