{"cameraMode":{"drawMode":0,"name":"Shaded","section":"Shading Mode"},"sceneLighting":true,"audioPlay":false,"sceneViewState":{"m_AlwaysRefresh":false,"showFog":true,"showSkybox":true,"showFlares":true,"showImageEffects":true,"showParticleSystems":true,"showVisualEffectGraphs":true,"m_FxEnabled":true},"in2DMode":false,"pivot":{"x":-4.9946064949035648,"y":2.9878478050231935,"z":9.450183868408204},"rotation":{"x":-0.17248699069023133,"y":-0.023059658706188203,"z":0.004029836039990187,"w":-0.9847552180290222},"size":9.035009384155274,"orthographic":true}