{"cameraMode":{"drawMode":0,"name":"Shaded","section":"Shading Mode"},"sceneLighting":true,"audioPlay":false,"sceneViewState":{"m_AlwaysRefresh":false,"showFog":true,"showSkybox":true,"showFlares":true,"showImageEffects":true,"showParticleSystems":true,"showVisualEffectGraphs":true,"m_FxEnabled":true},"in2DMode":false,"pivot":{"x":-1.9238595962524415,"y":3.371264934539795,"z":-3.2572999000549318},"rotation":{"x":0.33570215106010439,"y":0.25539055466651919,"z":-0.09506982564926148,"w":0.9016966819763184},"size":8.355152130126954,"orthographic":true}