{"cameraMode":{"drawMode":0,"name":"Shaded","section":"Shading Mode"},"sceneLighting":true,"audioPlay":false,"sceneViewState":{"m_AlwaysRefresh":false,"showFog":true,"showSkybox":true,"showFlares":true,"showImageEffects":true,"showParticleSystems":true,"showVisualEffectGraphs":true,"m_FxEnabled":true},"in2DMode":false,"pivot":{"x":7.453568935394287,"y":3.5526862144470217,"z":14.338275909423829},"rotation":{"x":-0.025880921632051469,"y":0.12860342860221864,"z":0.003370498539879918,"w":0.9913705587387085},"size":1.630824327468872,"orthographic":true}