{"cameraMode":{"drawMode":0,"name":"Shaded","section":"Shading Mode"},"sceneLighting":true,"audioPlay":false,"sceneViewState":{"m_AlwaysRefresh":false,"showFog":true,"showSkybox":true,"showFlares":true,"showImageEffects":true,"showParticleSystems":true,"showVisualEffectGraphs":true,"m_FxEnabled":true},"in2DMode":false,"pivot":{"x":-2.1131820678710939,"y":11.049678802490235,"z":16.60989761352539},"rotation":{"x":0.6032469868659973,"y":-0.11376093327999115,"z":0.08747342228889466,"w":0.7845385670661926},"size":16.71002197265625,"orthographic":true}